Date,CompanyName,ProductName,ScrapedSKU,SKU,Price,Rating,InStock,Reviews
2023-09-14,frontline hobbies,KYOSHO 1/10 EP 4WD FAZER MK2 1957 CHEVY BEL AIR COUPE TROPICAL TURQUOISE [34433T1],KYO-34433T1,KYO-34433T1,459.0,0 out of 5 stars,No,No reviews
2023-09-14,frontline hobbies,KYOSHO 1/10 EP 4WD FAZER MK2 1965 BUICK RIVIERA REGAL BLACK [34434T1],KYO-34434T1,KYO-34434T1,459.0,0 out of 5 stars,Yes,No reviews
2023-09-14,frontline hobbies,KYOSHO 1/10 EP 4WD FAZER MK2 1969 CHEVY EL CAMINO COLOR TYPE 2 (SILVER),KYO-34419T2,KYO-34419T2,404.1,0 out of 5 stars,Yes,No reviews
2023-09-14,frontline hobbies,KYOSHO 1/10 EP 4WD FAZER MK2 DODGE CHARGER 1970 SUBLIME GREEN T2 [34417T2],KYO-34417T2,KYO-34417T2,449.0,0 out of 5 stars,Yes,No reviews
2023-09-14,frontline hobbies,KYOSHO 1/10 EP 4WD FAZER MK2 MAD VAN READYSET COLOR TYPE 2 [34412T2],KYO-34412T2,KYO-34412T2,339.15,0 out of 5 stars,Yes,No reviews
2023-09-14,frontline hobbies,KYOSHO 1/10 EP 4WD FAZER MK2 MAD VAN VE T2 YELLOW [34491T2],KYO-34491T2,KYO-34491T2,519.0,0 out of 5 stars,Yes,No reviews
2023-09-14,frontline hobbies,KYOSHO 1/10 EP KB10 MAD WAGON VE COLOR TYPE1 BLACK,KYO-34701T1,KYO-34701T1,699.0,0 out of 5 stars,Yes,No reviews
2023-09-14,frontline hobbies,KYOSHO 1/10 EP KB10 MAD WAGON VE COLOR TYPE2 BLUE,KYO-34701T2,KYO-34701T2,699.0,0 out of 5 stars,No,No reviews
2023-09-14,frontline hobbies,KYOSHO 1/10 FAZER MK2 1968 PONTIAC GTO TYROL BLUE 4WD ELECTRIC TOURING CAR [34431T2],KYO-34431T2,KYO-34431T2,404.1,0 out of 5 stars,Yes,No reviews
2023-09-14,frontline hobbies,KYOSHO 1/10 FAZER MK2 1969 CHEVY CAMARO Z/28 FROST GREEN 4WD ELECTRIC RC CAR [34418T2],KYO-34418T2,KYO-34418T2,379.0,0 out of 5 stars,Yes,No reviews
2023-09-14,frontline hobbies,KYOSHO 1/10 FAZER MK2 1969 CHEVY CAMARO Z/28 RS SUPERCHARGED VE TUXEDO BLACK 4WD ELECTRIC TOURING CAR [34493T1],KYO-34493T1,KYO-34493T1,599.0,0 out of 5 stars,Yes,No reviews
2023-09-14,frontline hobbies,KYOSHO 1/10 FAZER MK2 2005 FORD MUSTANG GT-R 4WD ELECTRIC TOURING CAR [34472T1],KYO-34472T1,KYO-34472T1,399.0,0 out of 5 stars,Yes,No reviews
2023-09-14,frontline hobbies,KYOSHO 1/10 FAZER MK2 MAD VAN VE 4WD ELECTRIC [34491T1B],KYO-34491T1,KYO-34491T1,467.1,0 out of 5 stars,Yes,No reviews
2023-09-14,frontline hobbies,KYOSHO 1/10 FAZER MK2 NISSAN SKYLINE 2000GT-R TUNED VER. SILVER 4WD ELECTRIC CAR [34425T1],KYO-34425T1,KYO-34425T1,459.0,0 out of 5 stars,No,No reviews
2023-09-14,frontline hobbies,KYOSHO 1/10 FW-06 4WD NITRO TOURING CAR CHASSIS KIT [33216],KYO-33216,KYO-33216,499.0,0 out of 5 stars,Yes,No reviews
2023-09-14,frontline hobbies,KYOSHO 1/10 OPTIMA MID ELECTRIC 4WD RACING BUGGY KIT [30622],KYO-30622,KYO-30622,649.0,0 out of 5 stars,Yes,No reviews
2023-09-14,frontline hobbies,KYOSHO 1/18 MINI-Z 4X4 MX-01 READYSET SUZUKI JIMNY SIERRA BRISK BLUE METALLIC [32530MB],KYO-32530MB,KYO-32530MB,295.2,0 out of 5 stars,Yes,No reviews
2023-09-14,frontline hobbies,KYOSHO 1/24 MINI-Z 4X4 MX-01 READYSET LAND ROVER DEFENDER CORRIS GRAY/SANTORINI BLACK,KYO-32526GM,KYO-32526GM,276.75,0 out of 5 stars,Yes,No reviews
2023-09-14,frontline hobbies,KYOSHO 1/24 MINI-Z 4X4 MX-01 READYSET LAND ROVER DEFENDER GRASMERE GREEN/ALASKA WHITE,KYO-32527GR,KYO-32527GR,276.75,0 out of 5 stars,No,No reviews
2023-09-14,frontline hobbies,KYOSHO 1/24 MINI-Z JEEP WRANGLER UNLIMITED RUBICON FIRECRACKER RED 4X4 [32521R],KYO-32521R,KYO-32521R,359.0,0 out of 5 stars,Yes,No reviews
2023-09-14,frontline hobbies,KYOSHO 1/24 MINI-Z JEEP WRANGLER UNLIMITED RUBICON HELLAYELLA 4X4 [32521Y],KYO-32521Y,KYO-32521Y,269.25,0 out of 5 stars,Yes,No reviews
2023-09-14,frontline hobbies,KYOSHO 1/8 EP KIT INFERNO MP10E TKI2 34116,KYO-34116,KYO-34116,1149.0,0 out of 5 stars,No,No reviews
2023-09-14,frontline hobbies,KYOSHO 1/8 EP KIT INFERNO MP10TE [34115],KYO-34115,KYO-34115,1104.15,0 out of 5 stars,Yes,No reviews
2023-09-14,frontline hobbies,KYOSHO 1/8 INFERNO MP9 TKI4 V2 READYSET 4WD NITRO RACING BUGGY [33021],KYO-33021,KYO-33021,849.0,0 out of 5 stars,Yes,No reviews
2023-09-14,frontline hobbies,KYOSHO 1/8 INFERNO NEO 3.0 4WD NITRO RACING BUGGY READYSET (GREEN) [33012T4],KYO-33012T4,KYO-33012T4,599.99,0 out of 5 stars,Yes,No reviews
2023-09-14,frontline hobbies,KYOSHO 1/8 INFERNO NEO 3.0 4WD NITRO RACING BUGGY READYSET (ORANGE) [33012T3],KYO-33012T3,KYO-33012T3,599.99,0 out of 5 stars,Yes,No reviews
2023-09-14,frontline hobbies,KYOSHO 1/8 USA-1 4WD NITRO MONSTER TRUCK READYSET [33155],KYO-33155,KYO-33155,899.0,0 out of 5 stars,Yes,No reviews
2023-09-14,frontline hobbies,KYOSHO 1/8 USA-1 VE 4WD MONSTER TRUCK BRUSHLESS READYSET W/KT-231P+,KYO-34257,KYO-34257,829.0,0 out of 5 stars,Yes,No reviews
2023-09-14,frontline hobbies,KYOSHO 33022 1:8 SCALE RADIO CONTROLLED .21 ENGINE POWERED 4WD RACING BUGGY INFERNO MP10 TKI2,KYO-33022,KYO-33022,1199.0,0 out of 5 stars,Yes,No reviews
2023-09-14,frontline hobbies,KYOSHO MINI-Z 4X4 MX-01 READYSET JEEP WRANGLER UNLIMITED RUBICON W/ACC. BILLET SILVER [32528S],KYO-32528S,KYO-32528S,379.0,0 out of 5 stars,Yes,No reviews
2023-09-14,frontline hobbies,KYOSHO MINI-Z 4X4 MX-01 READYSET JEEP WRANGLER UNLIMITED RUBICON W/ACC. MOJITO GREEN [32528GR],KYO-32528GR,KYO-32528GR,322.15,0 out of 5 stars,Yes,No reviews
2023-09-14,frontline hobbies,KYOSHO MINI-Z AWD MA-020 READYSET HONDA CIVIC TYPE R BLACK,KYO-32613BK,KYO-32613BK,339.0,0 out of 5 stars,Yes,No reviews
2023-09-14,frontline hobbies,KYOSHO MINI-Z AWD MA-020 READYSET HONDA CIVIC TYPE R BLUE,KYO-32613BL,KYO-32613BL,339.0,0 out of 5 stars,Yes,No reviews
2023-09-14,frontline hobbies,KYOSHO MINI-Z AWD MA-020 READYSET NISSAN GT-R (R35) (WHITE PEARL) [32628PW],KYO-32628PW,KYO-32628PW,349.0,0 out of 5 stars,No,No reviews
2023-09-14,frontline hobbies,KYOSHO MINI-Z AWD MA-020 READYSET NISSAN SKYLINE GT-R V.SPEC II NUR (R34) (METALLIC BLUE) [32629MB],KYO-32629MB,KYO-32629MB,349.0,0 out of 5 stars,Yes,No reviews
2023-09-14,frontline hobbies,KYOSHO MINI-Z AWD MA-020 READYSET NISSAN SKYLINE GT-R V.SPEC II NUR (R34) (WHITE) [32629W],KYO-32629W,KYO-32629W,349.0,0 out of 5 stars,Yes,No reviews
2023-09-14,frontline hobbies,KYOSHO MINI-Z BUGGY READYSET INFERNO MP9 EMERALD GREEN/BLACK 32093EGBK,KYO-32093EGBK,KYO-32093EGBK,329.0,0 out of 5 stars,Yes,No reviews
2023-09-14,frontline hobbies,KYOSHO MINI-Z BUGGY READYSET INFERNO MP9 WHITE/BLACK 32093WBK,KYO-32093WBK,KYO-32093WBK,329.0,0 out of 5 stars,Yes,No reviews
2023-09-14,frontline hobbies,KYOSHO MINI-Z HONDA NSX YELLOW PEARL RWD [32322Y],KYO-32322Y,KYO-32322Y,239.2,0 out of 5 stars,Yes,No reviews
2023-09-14,frontline hobbies,KYOSHO MINI-Z MERCEDES AMG GT3 PRESENTATION CAR RWD [32345GY],KYO-32345GY,KYO-32345GY,299.0,0 out of 5 stars,No,No reviews
2023-09-14,frontline hobbies,KYOSHO MINI-Z RWD MR-03 READYSET AUDI R8 LMS 2016 (BLACK/RED) [32344AS],KYO-32344BKR,KYO-32344BKR,299.0,0 out of 5 stars,Yes,No reviews
2023-09-14,frontline hobbies,KYOSHO MINI-Z RWD MR-03 READYSET MCLAREN 12C GT3 2013 WHITE,KYO-32343W,KYO-32343W,299.0,0 out of 5 stars,Yes,No reviews
2023-09-14,frontline hobbies,KYOSHO MINI-Z SUBARU IMPREZA WRC 2008 AWD [32631WR],KYO-32631WR,KYO-32631WR,296.65,0 out of 5 stars,No,No reviews
2023-09-14,frontline hobbies,KYOSHO MINI-Z SUZUKI JIMNY SIERRA APIO JIMNY TS4 KHAKI,KYO-32525K,KYO-32525K,349.0,0 out of 5 stars,Yes,No reviews
2023-09-14,frontline hobbies,KYOSHO 1/10 TURBO OPTIMA 4WD EP RACING BUGGY KIT [30619],KYO-30619,KYO-30619,629.0,0 out of 5 stars,Yes,No reviews
2023-09-14,frontline hobbies,KYOSHO 1/18 MINI-Z SUZUKI JIMNY SIERRA JUNGLE GREEN 4X4 RC CAR 32523GR,KYO-32523GR,KYO-32523GR,279.2,0 out of 5 stars,Yes,No reviews
2023-09-14,frontline hobbies,KYOSHO 30625 1/10 2WD EP RACING BUGGY ULTIMA KIT,KYO-30625,KYO-30625,549.0,0 out of 5 stars,Yes,No reviews
2023-09-14,frontline hobbies,KYOSHO 1/10 FAZER MK2 DODGE SRT CHALLENGER 2015 HELLCAT PLUM CRAZY PURPLE 4WD ELECTRIC CAR [34415T1],KYO-34415T1B,KYO-34415T1,429.0,0 out of 5 stars,Yes,No reviews
2023-09-14,frontline hobbies,KYOSHO 33017 1/8 GP 4WD INFERNO MP10T STADIUM TRUCK,KYO-33017,KYO-33017,1146.65,0 out of 5 stars,No,No reviews
2023-09-14,frontline hobbies,KYOSHO 1/12 BLIZZARD 2.0 ELECTRIC SNOW CAT READYSET [34902],KYO-34902,KYO-34902,441.15,0 out of 5 stars,Yes,No reviews
2023-09-14,frontline hobbies,KYOSHO 1/8 EP HANGING ON RACER HONDA NSR500 1991 KIT,KYO-34932,KYO-34932,229.0,0 out of 5 stars,Yes,No reviews
2023-09-14,frontline hobbies,KYOSHO 1/10 EP 4WD FAZER MK2 SUBARU IMPREZA 2006 COLOR TYPE 1 [34473T1],KYO-34473T1,KYO-34473T1,399.0,0 out of 5 stars,Yes,No reviews
2023-09-14,frontline hobbies,KYOSHO 1/8 GP 4WD KIT INFERNO MP10 TKI3 [33026],KYO-33026,KYO-33026,1299.0,0 out of 5 stars,Yes,No reviews
2023-09-14,frontline hobbies,KYOSHO MINI-Z AWD MA-020 READYSET MAZDA SAVANNA RX-7 FC3S WHITE [32634W],KYO-32634W,KYO-32634W,349.0,0 out of 5 stars,Yes,No reviews
2023-09-14,frontline hobbies,KYOSHO MINI-Z AWD MA-020 READYSET TOYOTA SPRINTER TRUENO AE86 WHITE/BLACK [32635WBK],KYO-32635WBK,KYO-32635WBK,349.0,0 out of 5 stars,Yes,No reviews
2023-09-14,frontline hobbies,KYOSHO MINI-Z RWD MR-03 READYSET CHEVROLET CORVETTE C8.R CORVETTE RACING YELLOW [32342GM],KYO-32342GM,KYO-32342GM,299.0,0 out of 5 stars,Yes,No reviews
2023-09-14,frontline hobbies,KYOSHO MINI-Z RWD MR-03 READYSET CHEVROLET CORVETTE C8.R GUNMETAL [32342Y],KYO-32342Y,KYO-32342Y,299.0,0 out of 5 stars,Yes,No reviews
2023-09-14,frontline hobbies,KYOSHO MINI-Z RWD MR-03 READYSET MCLAREN SENNA GTR WHITE/RED [32340WR],KYO-32340WR,KYO-32340WR,299.0,0 out of 5 stars,Yes,No reviews
2023-09-14,frontline hobbies,KYOSHO MINI-Z 4X4 MX-01 READYSET JEEP WRANGLER UNLIMITED RUBICON W/WIDE TREI & ACC. OCEAN BLUE METALLIC [32528MB],KYO-32528MB,KYO-32528MB,379.0,0 out of 5 stars,Yes,No reviews
2023-09-14,frontline hobbies,KYOSHO MINI-Z 4X4 MX-01 READYSET JEEP WRANGLER UNLIMITED RUBICON W/WIDE TREI & ACC. PUNK'N METALLIC [32528MO],KYO-32528MO,KYO-32528MO,379.0,0 out of 5 stars,Yes,No reviews
2023-09-14,frontline hobbies,KYOSHO MINI-Z AWD MA-020 READYSET NISSAN FAIRLADY 240ZG MAROON [32637MR],KYO-32637MR,KYO-32637MR,349.0,0 out of 5 stars,Yes,No reviews
2023-09-14,frontline hobbies,KYOSHO MINI-Z AWD MA-020 READYSET NISSAN FAIRLADY 240ZG WHITE [32637W],KYO-32637W,KYO-32637W,349.0,0 out of 5 stars,Yes,No reviews
2023-09-14,frontline hobbies,KYOSHO MINI-Z AWD MA-020 READYSET NISSAN SKYLINE 2000GT-R KPGC10 SILVER [32636S],KYO-32636S,KYO-32636S,349.0,0 out of 5 stars,Yes,No reviews
2023-09-14,frontline hobbies,KYOSHO MINI-Z AWD MA-020 READYSET NISSAN SKYLINE 2000GT-R KPGC10 WHITE [32636W],KYO-32636W,KYO-32636W,349.0,0 out of 5 stars,Yes,No reviews
2023-09-14,frontline hobbies,KYOSHO MINI-Z AWD MA-020 READYSET NISSAN SKYLINE GT-R V.SPEC (R33) W/ LED/GYRO UNIT WHITE [32638WG],KYO-32638WG,KYO-32638WG,369.0,0 out of 5 stars,Yes,No reviews
2023-09-14,frontline hobbies,KYOSHO MINI-Z RWD MR-03 READYSET LARK MCLAREN F1 GTR LM 1997 [32348LA],KYO-32348LA,KYO-32348LA,299.0,0 out of 5 stars,Yes,No reviews
2023-09-14,frontline hobbies,KYOSHO 1/10 EP 2WD RACING BUGGY DIRT MASTER 34311,KYO-34311,KYO-34311,379.0,0 out of 5 stars,No,No reviews
2023-09-14,frontline hobbies,KYOSHO 1/10 EP 4WD FAZER MK2 SUBARU IMPREZA WRC 2006 [34426T1],KYO-34426T1,KYO-34426T1,399.0,0 out of 5 stars,No,No reviews
2023-09-14,frontline hobbies,KYOSHO 1/10 FAZER MK2 1967 PONTIAC GTO - CHAMPAGNE METALLIC ELECTRIC READYSET,KYO-34431T1,KYO-34431T1,419.0,0 out of 5 stars,No,No reviews
2023-09-14,frontline hobbies,KYOSHO 1/10 FAZER MK2 1969 CHEVY EL CAMINO SS 396 TUXEDO BLACK 4WD ELECTRIC CAR READYSET [34419T1],KYO-34419T1,KYO-34419T1,389.0,0 out of 5 stars,No,No reviews
2023-09-14,frontline hobbies,KYOSHO 1/10 FAZER MK2 1970 DODGE CHARGER SUPERCHARGED VE GRAY 4WD ELECTRIC CAR READYSET [34492T1],KYO-34492T1,KYO-34492T1,599.0,0 out of 5 stars,No,No reviews
2023-09-14,frontline hobbies,KYOSHO 1/10 FAZER MK2 1971 DATSUN 240Z TUNED VER. WHITE 4WD ELECTRIC TOURING CAR [34427T1],KYO-34427T1,KYO-34427T1,459.0,0 out of 5 stars,No,No reviews
2023-09-14,frontline hobbies,KYOSHO 1/10 FAZER MK2 2015 DODGE CHALLENGER SRT HELLCAT CRAZY BLUE 4WD ELECTRIC CAR READYSET [34415T2],KYO-34415T2,KYO-34415T2,389.0,0 out of 5 stars,No,No reviews
2023-09-14,frontline hobbies,KYOSHO 1/10 FAZER MK2 2020 MERCEDES AMG GT3 4WD ELECTRIC TOURING CAR [34424],KYO-34424,KYO-34424,449.0,0 out of 5 stars,No,No reviews
2023-09-14,frontline hobbies,KYOSHO 1/10 FAZER MK2 2021 TOYOTA TUNDRA WIDE BODY VER. INFERNO 4WD ELECTRIC RC CAR [34432T1],KYO-34432T1,KYO-34432T1,419.0,0 out of 5 stars,No,No reviews
2023-09-14,frontline hobbies,KYOSHO 1/10 FAZER MK2 READYSET 1970 CHEVY CHEVELLE SS 454 LS6 4WD ELECTRIC CAR [34416T2],KYO-34416T2,KYO-34416T2,399.0,0 out of 5 stars,No,No reviews
2023-09-14,frontline hobbies,KYOSHO 1/10 FAZER MK2 TOYOTA SUPRA (A80) 4WD ELECTRIC TOURING CAR [34471T1],KYO-34471T1,KYO-34471T1,379.0,0 out of 5 stars,No,No reviews
2023-09-14,frontline hobbies,KYOSHO 1/10 TOMAHAWK 2WD ELECTRIC RACING BUGGY KIT [30615],KYO-30615,KYO-30615,519.0,0 out of 5 stars,No,No reviews
2023-09-14,frontline hobbies,KYOSHO 1/12 FANTOM 4WD ELECTRIC RACING CAR KIT [30635],KYO-30635,KYO-30635,389.0,0 out of 5 stars,No,No reviews
2023-09-14,frontline hobbies,KYOSHO 1/18 MINI-Z DODGE CHALLENGER SRT HELLCAT REDEYE DESTROYER GRAY AWD RC CAR 32621G,KYO-32621G,KYO-32621G,299.0,0 out of 5 stars,No,No reviews
2023-09-14,frontline hobbies,KYOSHO 1/18 MINI-Z MERCEDES AMG GT3 NO.4 24H NURBURGRING 2018 RWD RC CAR 32338YBK,KYO-32338YBK,KYO-32338YBK,259.0,0 out of 5 stars,No,No reviews
2023-09-14,frontline hobbies,KYOSHO 1/18 MINI-Z SUZUKI JIMNY SIERRA MEDIUM GRAY,KYO-32523G,KYO-32523G,349.0,0 out of 5 stars,No,No reviews
2023-09-14,frontline hobbies,KYOSHO 1/18 MINI-Z TOYOTA SPRINTER TRUENO AE86 GTV WHITE AWD RC CAR 32623GTV,KYO-32623GTV,KYO-32623GTV,299.0,0 out of 5 stars,No,No reviews
2023-09-14,frontline hobbies,KYOSHO 1/24 MINI-Z CHEVROLET CAMARO ZL1 1LE CRASH [32339OR],KYO-32339OR,KYO-32339OR,279.0,0 out of 5 stars,No,No reviews
2023-09-14,frontline hobbies,KYOSHO 1/24 MINI-Z CHEVROLET CAMARO ZL1 1LE SHADOW GRAY [32339GM],KYO-32339GM,KYO-32339GM,279.0,0 out of 5 stars,No,No reviews
2023-09-14,frontline hobbies,KYOSHO 1/24 MINI-Z NISSAN SILVIA K'S (S13) W/ AERO KIT PEARL WHITE AWD [32622PW],KYO-32622PW,KYO-32622PW,329.0,0 out of 5 stars,No,No reviews
2023-09-14,frontline hobbies,KYOSHO 1/24 MINI-Z NISSAN SKYLINE GT-R (R34) V.SPEC II NUR MILLENNIUM JADE AWD [32624MJ],KYO-32624MJ,KYO-32624MJ,329.0,0 out of 5 stars,No,No reviews
2023-09-14,frontline hobbies,KYOSHO 1/24 MINI-Z SUBARU IMPREZA W/ AERO KIT & CFRP HOOD METALLIC YELLOW AWD [32620MY],KYO-32620MY,KYO-32620MY,329.0,0 out of 5 stars,No,No reviews
2023-09-14,frontline hobbies,KYOSHO 1/24 MINI-Z TOYOTA 4 RUNNER (HILUX SURF) QUICK SAND 4X4 [32524SY],KYO-32524SY,KYO-32524SY,349.0,0 out of 5 stars,No,No reviews
2023-09-14,frontline hobbies,KYOSHO 1/24 MINI-Z TOYOTA GR SUPRA TRD AERO VERSION WHITE AWD [32626W],KYO-32626W,KYO-32626W,329.0,0 out of 5 stars,No,No reviews
2023-09-14,frontline hobbies,KYOSHO 1/24 MINI-Z TOYOTA GR SUPRA TRD AERO VERSION YELLOW AWD [32626Y],KYO-32626Y,KYO-32626Y,329.0,0 out of 5 stars,No,No reviews
2023-09-14,frontline hobbies,KYOSHO 1/8 GP 4WD INFERNO GT2 RACE SPEC 2020 MERCEDES AMG GT3 NITRO TOURING CAR,KYO-33019,KYO-33019,919.0,0 out of 5 stars,No,No reviews
2023-09-14,frontline hobbies,KYOSHO 1/8 INFERNO GT2 VE RACE SPEC 2020 MERCEDES AMG GT3 BRUSHLESS ELECTRIC TOURING CAR,KYO-34109,KYO-34109,949.0,0 out of 5 stars,No,No reviews
2023-09-14,frontline hobbies,KYOSHO 1/8 INFERNO MP10 30TH ANNIVERSARY LIMITED EDITION 4WD NITRO RACING BUGGY KIT [33024],KYO-33024,KYO-33024,1269.0,0 out of 5 stars,No,No reviews
2023-09-14,frontline hobbies,KYOSHO 1/8 INFERNO MP9E EVO V2 4WD ELECTRIC RACING BUGGY READYSET [34111],KYO-34111,KYO-34111,899.0,0 out of 5 stars,No,No reviews
2023-09-14,frontline hobbies,KYOSHO 32092W MINI-Z BUGGY READYSET TURBO OPTIMA MID SPECIAL WHITE,KYO-32092W,KYO-32092W,299.99,0 out of 5 stars,No,No reviews
2023-09-14,frontline hobbies,KYOSHO 33001 1/8 GP 4WD KIT INFERNO MP9 TKI4,KYO-33001,KYO-33001,1199.0,0 out of 5 stars,No,No reviews
2023-09-14,frontline hobbies,KYOSHO 33008 1/8 INFERNO GT2 RS R/S DODGE CHALLENGER,KYO-33008,KYO-33008,899.0,0 out of 5 stars,No,No reviews
2023-09-14,frontline hobbies,KYOSHO 33214 PURETEN GP FW-06 R/S 2020 MERCEDES AMG GT3,KYO-33214,KYO-33214,619.0,0 out of 5 stars,No,No reviews
2023-09-14,frontline hobbies,KYOSHO 34103 1/8 INFERNO GT2 VE RS R/S DODGE CHALLENGER,KYO-34103,KYO-34103,949.0,0 out of 5 stars,No,No reviews
2023-09-14,frontline hobbies,KYOSHO 34106T1 1/8 EP 4WD KIT INFERNO MP9E EVO READYSET(W/KT331P),KYO-34106T1,KYO-34106T1,899.0,0 out of 5 stars,No,No reviews
2023-09-14,frontline hobbies,KYOSHO 34110 1/8 EP BRUSHLESS 4WD KIT INFERNO MP10E,KYO-34110,KYO-34110,1249.0,0 out of 5 stars,No,No reviews
2023-09-14,frontline hobbies,KYOSHO 34441 1/10 EP 4WD FAZER MK2 FZ02 CHASSIS KIT WITH 2020 MERCEDES AMG GT3 CLEAR BODY,KYO-34441,KYO-34441,349.0,0 out of 5 stars,No,No reviews
2023-09-14,frontline hobbies,KYOSHO 87 JJ ULTIMA REPLICA 60TH ANNIVERSARY LIMITED 2WD ELECTRIC RACING BUGGY [30642],KYO-30642,KYO-30642,699.0,0 out of 5 stars,No,No reviews
2023-09-14,frontline hobbies,KYOSHO FANTOM EP 4WD EXT CRC-II KIT,KYO-30637,KYO-30637,449.0,0 out of 5 stars,No,No reviews
2023-09-14,frontline hobbies,KYOSHO FANTOM EP 4WD EXT GOLD 60TH ANNIVERSARY LIMITED [30644],KYO-30644,KYO-30644,449.0,0 out of 5 stars,No,No reviews
2023-09-14,frontline hobbies,KYOSHO MINI-Z AUDI R8 LMS 2015 (WHITE) RWD RC CAR READYSET [32344AS],KYO-32344AS,KYO-32344AS,269.0,0 out of 5 stars,No,No reviews
2023-09-14,frontline hobbies,KYOSHO MINI-Z AWD DODGE CHALLENGER SRT HELLCAT REDEYE SUBLIME 32621MG,KYO-32621MG,KYO-32621MG,299.0,0 out of 5 stars,No,No reviews
2023-09-14,frontline hobbies,KYOSHO MINI-Z BUGGY MB-010VE 2.0 INFERNO MP9 CLEAR BODY CHASSIS SET 32293,KYO-32293,KYO-32293,429.0,0 out of 5 stars,No,No reviews
2023-09-14,frontline hobbies,KYOSHO MINI-Z RWD MR-03 READYSET CHEVROLET CORVETTE ZR1 TORCH RED,KYO-32334R,KYO-32334R,299.0,0 out of 5 stars,No,No reviews
2023-09-14,frontline hobbies,KYOSHO MINI-Z RWD MR-03 READYSET MCLAREN 12C GT3 2013 ORANGE,KYO-32343OR,KYO-32343OR,299.0,0 out of 5 stars,No,No reviews
2023-09-14,frontline hobbies,KYOSHO MINUTE AWD HKS SKYLINE (R32 GT-R) 1993 # 87 32618HK,KYO-32618HK,KYO-32618HK,299.0,0 out of 5 stars,No,No reviews
2023-09-14,frontline hobbies,KYOSHO 1/10 OUTLAW RAMPAGE PRO 2WD ELECTRIC TRUCK KIT [34362],KYO-34362,KYO-34362,449.0,0 out of 5 stars,No,No reviews
2023-09-14,frontline hobbies,KYOSHO 33012T2 1/8 GP 4WD INFERNO NEO 3.0 READYSET T2 RED,KYO-33012T2,KYO-33012T2,629.0,0 out of 5 stars,No,No reviews
2023-09-14,frontline hobbies,KYOSHO 34255 1/8 EP 4WD FO-XX VE 2.0 MONSTER TRUCK READYSET,KYO-34255,KYO-34255,819.0,0 out of 5 stars,No,No reviews
2023-09-14,frontline hobbies,KYOSHO 33101 1/10 GP 4WD QRC NITRO TRACKER W/KT-231P+ READYSET,KYO-33101,KYO-33101,599.0,0 out of 5 stars,No,No reviews
2023-09-14,frontline hobbies,KYOSHO 1/8 EP 4WD MAD CRUSHER VE MONSTER TRUCK BRUSHLESS RTR READYSET 34254,KYO-34254,KYO-34254,819.0,0 out of 5 stars,No,No reviews
2023-09-14,frontline hobbies,KYOSHO 34256 1/8 EP 4WD PSYCHO KRUISER VE 2.0 MONSTER TRUCK READYSET,KYO-34256,KYO-34256,899.0,0 out of 5 stars,No,No reviews
2023-09-14,frontline hobbies,KYOSHO 32522GM 1/24 MINI-Z 4X4 MX-01 READYSET TOYOTA 4RUNNER (HILUX SURF) DARK GRAY METALLIC,KYO-32522GM,KYO-32522GM,349.0,0 out of 5 stars,No,No reviews
2023-09-14,frontline hobbies,KYOSHO 34404T2 1/10 EP 2WD MONSTER TRACKER 2.0 RTR (RED),KYO-34404T2,KYO-34404T2,259.0,0 out of 5 stars,No,No reviews
2023-09-14,frontline hobbies,KYOSHO 1/8 NITRO 4WD FO-XX 2.0 MONSTER TRUCK READYSET 33154,KYO-33154,KYO-33154,799.0,0 out of 5 stars,No,No reviews
2023-09-14,frontline hobbies,KYOSHO 1/10 EP 4WD FAZER MK2 MAD VAN ELECTRIC RC CAR,KYO-34412T1,KYO-34412T1,399.0,0 out of 5 stars,No,No reviews
2023-09-14,frontline hobbies,KYOSHO 32522MR 1/24 MINI-Z 4X4 MX-01 READYSET TOYOTA 4RUNNER (HILIX SURF) METALLIC RED,KYO-32522MR,KYO-32522MR,349.0,0 out of 5 stars,No,No reviews
2023-09-14,frontline hobbies,KYOSHO 1/8 GP 4WD INFERNO NEO ST 3.0 NITRO RACING BUGGY,KYO-33016,KYO-33016,799.0,0 out of 5 stars,No,No reviews
2023-09-14,frontline hobbies,KYOSHO 1/18 MINI-Z SUZUKI JIMNY SIERRA KINETIC YELLOW 4X4 [32523Y],KYO-32523Y,KYO-32523Y,349.0,0 out of 5 stars,No,No reviews
2023-09-14,frontline hobbies,KYOSHO 1/8 GP 4WD MAD CRUSHER MONSTER TRUCK RTR READYSET 33153,KYO-33153,KYO-33153,749.0,0 out of 5 stars,No,No reviews
2023-09-14,frontline hobbies,KYOSHO 1/10 PURETEN ACURA NZX GT3 NITRO TOURING CAR,KYO-33208B,KYO-33208B,649.0,0 out of 5 stars,No,No reviews
2023-09-14,frontline hobbies,KYOSHO 1/8 INFERNO ST-RR EVO.2 TRUGGY KIT KYO-33004B,KYO-33004,KYO-33004,1199.0,0 out of 5 stars,No,No reviews
2023-09-14,frontline hobbies,KYOSHO 33018 1/8 GP 4WD R/S INFERNO GT2 RACE SPEC 2018 DODGE CHALLENGER SRT DEMON GO MANGO ORANGE,KYO-33018,KYO-33018,899.0,0 out of 5 stars,No,No reviews
2023-09-14,frontline hobbies,KYOSHO 34411T1B 1/10 EP 4WD FAZER MK2 RAGE 2.0 TYPE 1 (RED),KYO-34411T1B,KYO-34411T1,399.0,0 out of 5 stars,No,No reviews
2023-09-14,frontline hobbies,KYOSHO 34418T1 1/10 EP 4WD FAZER MK2 1969 CHEVY CAMARO Z/28,KYO-34418T1,KYO-34418T1,399.0,0 out of 5 stars,No,No reviews
2023-09-14,frontline hobbies,KYOSHO 1/10 LAZER ZX7 4WD EP KIT 30048B,KYO-30048B,KYO-30048B,779.0,0 out of 5 stars,No,No reviews
2023-09-14,frontline hobbies,KYOSHO 1/10 FAZER MK2 DODGE CHARGER 1970 HEMI ORANGE ELECTRIC READYSET,KYO-34417T1,KYO-34417T1,399.0,0 out of 5 stars,No,No reviews
2023-09-14,frontline hobbies,KYOSHO 34422T1 1/10 EP 4WD FAZER MK2 FZ02 SERIES AUDI R8 LMS 2015 READYSET (RED),KYO-34422T1,KYO-34422T1,369.0,0 out of 5 stars,No,No reviews
2023-09-14,frontline hobbies,KYOSHO 34416T1 1/10 EP 4WD FAZER MK2 FZ02L READYSET 1970 CHEVY CHEVELLE SS 454 LS6 CORTEZ SILVER,KYO-34416T1,KYO-34416T1,399.0,0 out of 5 stars,No,No reviews
2023-09-14,frontline hobbies,KYOSHO 1/8 EP HANGING ON RACER S.R.T. SUZUKI RGV1992 KIT 34931,KYO-34931,KYO-34931,229.0,0 out of 5 stars,No,No reviews
2023-09-14,frontline hobbies,KYOSHO 33213 1/10 PURETEN GP 4WD FW-06 1969 CHEVY CAMARO Z/28 LE MANS BLUE READYSET,KYO-33213,KYO-33213,599.0,0 out of 5 stars,No,No reviews
2023-09-14,frontline hobbies,KYOSHO 30618 1/10 4WD EP RACING BUGGY JAVELIN KIT,KYO-30618,KYO-30618,579.0,0 out of 5 stars,No,No reviews
2023-09-14,frontline hobbies,KYOSHO 1/10 OPTIMA 4WD ELECTRIC RACING BUGGY KIT [30617B],KYO-30617B,KYO-30617B,549.0,0 out of 5 stars,No,No reviews
2023-09-14,frontline hobbies,KYOSHO 1/10 PURETEN ALPINE GT4 4WD NITRO READYSET [33212],KYO-33212,KYO-33212,599.0,0 out of 5 stars,No,No reviews
2023-09-14,frontline hobbies,KYOSHO MA03F-FWD R/S HONDA CIVIC TYPE R WHITE,KYO-32424W,KYO-32424W,259.0,0 out of 5 stars,No,No reviews
2023-09-14,frontline hobbies,KYOSHO 32334OR MINI-Z RWD MR-03 READYSET CHEVROLET CORVETTE ZR1 SEBRING ORANGE W/LED,KYO-32334OR,KYO-32334OR,269.0,0 out of 5 stars,No,No reviews
2023-09-14,frontline hobbies,KYOSHO 1/10 FAZER MK2 ALPINE GT4 4WD ELECTRIC TOURING CAR [34423],KYO-34423,KYO-34423,429.0,0 out of 5 stars,No,No reviews
2023-09-14,frontline hobbies,KYOSHO 1/10 BEETLE 2014 2WD ELECTRIC RACING BUGGY KIT [30614],KYO-30614,KYO-30614,479.0,0 out of 5 stars,No,No reviews
2023-09-14,frontline hobbies,KYOSHO 1/8 GP 4WD KIT INFERNO MP9 SPEC A-10TH,KYO-33013B,KYO-33013B,1399.0,0 out of 5 stars,No,No reviews
2023-09-14,frontline hobbies,KYOSHO 1/10 SCORPION 2014 2WD ELECTRIC RACING BUGGY KIT [30613],KYO-30613,KYO-30613,449.0,0 out of 5 stars,No,No reviews
2023-09-14,frontline hobbies,KYOSHO 34411T2B 1/10 EP 4WD FAZER MK2 RAGE 2.0 TYPE 2 (GREEN),KYO-34411T2B,KYO-34411T2,399.0,0 out of 5 stars,No,No reviews
2023-09-14,frontline hobbies,KYOSHO 32324YG MINI-Z RWD MCLAREN P1 GTR YELLOW/GREEN READYSET RTR,KYO-32324YG,KYO-32324YG,259.0,0 out of 5 stars,No,No reviews
2023-09-14,frontline hobbies,KYOSHO 34361T2 1/10 ELECTRIC 2WD TRUCK OUTLAW RAMPAGE BLUE,KYO-34361T2,KYO-34361T2,399.0,0 out of 5 stars,No,No reviews
2023-09-14,frontline hobbies,KYOSHO 32331S MINI-Z RWD MR-03 READYSET NISSAN GT-R (R35) ULTIMATE METAL SILVER,KYO-32331S,KYO-32331S,209.0,0 out of 5 stars,No,No reviews
2023-09-14,frontline hobbies,KYOSHO 1/10 TURBO SCORPION 2WD ELECTRIC RACING BUGGY KIT [30616],KYO-30616,KYO-30616,479.0,0 out of 5 stars,No,No reviews
2023-09-14,frontline hobbies,KYOSHO 32324SO MINI-Z RWD MCLAREN P1 GTR SILVER/ORANGE READYSET,KYO-32324SO,KYO-32324SO,259.0,0 out of 5 stars,No,No reviews
2023-09-14,frontline hobbies,KYOSHO MINI-Z MAZDA 787B NO.55 LM 1991 WINNER,KYO-32328RE,KYO-32328RE,269.0,0 out of 5 stars,No,No reviews
2023-09-14,frontline hobbies,KYOSHO 32614WR MINI-Z AWD MA-020 READYSET SUBARU IMPREZA WRC 2008,KYO-32614WR,KYO-32614WR,299.0,0 out of 5 stars,No,No reviews
2023-09-14,frontline hobbies,KYOSHO MINI-Z RACER MR-03VE PRO W/MM2MOTORMOUNT,KYO-32782,KYO-32782,299.0,0 out of 5 stars,No,No reviews
2023-09-14,frontline hobbies,KYOSHO 1/8 NITRO 4WD INFERNO GT2 RACE SPEC AUDI R8 LMS RED,KYO-33006,KYO-33006,899.0,0 out of 5 stars,No,No reviews
2023-09-14,frontline hobbies,KYOSHO 33010 1/8 GP 4WD KIT INFERNO GT3,KYO-33010,KYO-33010,1149.0,0 out of 5 stars,No,No reviews
2023-09-14,frontline hobbies,KYOSHO 1/8 GP 4WD KIT INFERNO MP9 TKI4 10TH ANNIVERSARY SPECIAL EDITION,KYO-33011,KYO-33011,1199.0,0 out of 5 stars,No,No reviews
2023-09-14,frontline hobbies,KYOSHO 1/8 GP 4WD KIT INFERNO MP10,KYO-33015B,KYO-33015B,1299.0,0 out of 5 stars,No,No reviews
2023-09-14,frontline hobbies,KYOSHO AUDI R8 LMS FW06 1/10 SCALE RC NITRO POWERED 4WD TC KYO-33201B,KYO-33201B,KYO-33201B,579.0,0 out of 5 stars,No,No reviews
2023-09-14,frontline hobbies,KYOSHO CORVETTE C6-R FW06 1/10 SCALE RC NITRO POWERED 4WD TC KYO-33202B,KYO-33202B,KYO-33202B,499.0,0 out of 5 stars,No,No reviews
2023-09-14,frontline hobbies,KYOSHO 1/10 NITRO 4WD KIT V-ONE R4 EVO,KYO-33204B,KYO-33204B,939.0,0 out of 5 stars,No,No reviews
2023-09-14,frontline hobbies,KYOSHO 33210 1/10 PURETEN GP 4WD FW-06 READYSET AUDI R8 LMS 2015 ?RED?,KYO-33210,KYO-33210,589.0,0 out of 5 stars,No,No reviews
2023-09-14,frontline hobbies,KYOSHO 33211 .12-.15 ENGINE POWERED TOURING CAR SERIES V-ONE R4,KYO-33211,KYO-33211,1249.0,0 out of 5 stars,No,No reviews
2023-09-14,frontline hobbies,KYOSHO 1/10 EP FAZER R/S VEI 2015 DODGE CHALLENGER SRT HELLCAT G KYO-34051T1B,KYO-34051T1B,KYO-34051T1,589.0,0 out of 5 stars,No,No reviews
2023-09-14,frontline hobbies,KYOSHO 1/10 EP FAZER R/S VEI 2015 DODGE CHALLENGER SRT HELLCAT B,KYO-34051T2B,KYO-34051T2,589.0,0 out of 5 stars,No,No reviews
2023-09-14,frontline hobbies,KYOSHO 1/10 PUT EP FAZER R/S VEI 1970 CHEVY CHEVELLE SS 454 LS6,KYO-34053T1,KYO-34053T1,589.0,0 out of 5 stars,No,No reviews
2023-09-14,frontline hobbies,KYOSHO 1/10 EP FAZER DRIFT R/S TOYOTA SUPRA TYPE1 W/KT-231P,KYO-34061T1,KYO-34061T1,419.0,0 out of 5 stars,No,No reviews
2023-09-14,frontline hobbies,KYOSHO 1/8 EP 4WD INFERNO GT2 VE RACE SPEC AUDI R8 LMS READYSET RED,KYO-34102,KYO-34102,969.0,0 out of 5 stars,No,No reviews
2023-09-14,frontline hobbies,KYOSHO 34107 1/8 EP 4WD R/S INFERNO GT2 VE RACE SPEC 2018 DODGE CHALLENGER SRT DEMON GO MANGO ORANGE,KYO-34107,KYO-34107,899.0,0 out of 5 stars,No,No reviews
2023-09-14,frontline hobbies,KYOSHO 1/8 INFERNO NEO 3.0 VE ELECTRIC BUGGY READYSET (GREEN),KYO-34108T1,KYO-34108T1,749.0,0 out of 5 stars,No,No reviews
2023-09-14,frontline hobbies,KYOSHO 1/8 INFERNO NEO 3.0 VE ELECTRIC BUGGY READYSET (RED),KYO-34108T2,KYO-34108T2,749.0,0 out of 5 stars,No,No reviews
2023-09-14,frontline hobbies,KYOSHO 1/10 ULTIMA RB7 2WD RACING BUGGY KIT,KYO-34303,KYO-34303,599.0,0 out of 5 stars,No,No reviews
2023-09-14,frontline hobbies,KYOSHO 34304 1/10 EP 2WD ULTIMA RB7 SS RACING BUGGY,KYO-34304,KYO-34304,779.0,0 out of 5 stars,No,No reviews
2023-09-14,frontline hobbies,KYOSHO 34361T1 1/10 ELECTRIC 2WD TRUCK OUTLAW RAMPAGE WHITE,KYO-34361T1,KYO-34361T1,399.0,0 out of 5 stars,No,No reviews
2023-09-14,frontline hobbies,KYOSHO 34404T1 1/10 EP 2WD MONSTER TRACKER 2.0 RTR (BLUE),KYO-34404T1,KYO-34404T1,259.0,0 out of 5 stars,No,No reviews
2023-09-14,frontline hobbies,KYOSHO 34421 1/10 EP 4WD FAZER MK2 FZ02 SERIES READYSET ACURA NSX GT3 RACE,KYO-34421,KYO-34421,369.0,0 out of 5 stars,No,No reviews
2023-09-14,frontline hobbies,KYOSHO 1/50 IRC EXCAVATOR KOMATSU PC1250-8(HG) (CHANNEL A),KYO-66002HGA,KYO-66002HGA,269.0,0 out of 5 stars,No,No reviews
2023-09-14,frontline hobbies,KYOSHO 1/50 IRC EXCAVATOR KOMATSU PC1250-8(HG) (CHANNEL B),KYO-66002HGB,KYO-66002HGB,269.0,0 out of 5 stars,No,No reviews
2023-09-14,frontline hobbies,KYOSHO 1/50 IRC EXCAVATOR KOMATSU PC1250-8(HG) (CHANNEL C),KYO-66002HGC,KYO-66002HGC,269.0,0 out of 5 stars,No,No reviews
2023-09-14,frontline hobbies,KYOSHO 1/60 EP PAID TYPE 90 DESERT RC TANK,KYO-69030D,KYO-69030D,96.99,0 out of 5 stars,No,No reviews
2023-09-14,frontline hobbies,KYOSHO 1/60 EP PAID TYPE 90 CAMO2 RC TANK,KYO-69030G,KYO-69030G,97.99,0 out of 5 stars,No,No reviews
2023-09-14,frontline hobbies,KYOSHO 1/60 EP PAID TYPE 10 TANK CAMO1 W/ I-DRIVER SYSTEM,KYO-69040C,KYO-69040C,97.99,0 out of 5 stars,No,No reviews
2023-09-14,frontline hobbies,KYOSHO MINI-Z BUGGY READYSET OPTIMA BLUE/WHITE [32094BW],KYO-32094BW,KYO-32094BW,299.0,0 out of 5 stars,No,No reviews
2023-09-14,frontline hobbies,KYOSHO 1/10 EP 4WD FAZER MK2 1966 CHEVY C10 FLEETSIDE PICKUP LIGHT GREEN [34435T1],KYO-34435T1,KYO-34435T1,459.0,0 out of 5 stars,No,No reviews
